{"version":2,"hash":{"type":"Buffer","data":"5UWyWnYfMnb6c6btK4mIuSzERz8qLYIuEvQ0K70Oi6IWV9/u1UyyaTn1MrcaRjcKl2buN6vmmbAQcWGHDGUWYXDbmfIuXO3LWtHMWHJ7BRzANXZrjdifccIdNKIpV3agncJswbQ5h6F2qm8gLdb2cauwF+8uf+Swnos6QP5rCPY="},"indexValueMap":{"FwXM0+QCNoLJLYUbyLv9RxiThffv+Cp35YFHCqEbKDs=":{"valueMac":{"type":"Buffer","data":"VpWEiI7KQEX9gY8fbxvMixjs3QcoMosTYa9P4aTxMvY="}},"OHh3UN/oVTBcmemUohM9yrtgIS/m81kzrQUKgMNXu+8=":{"valueMac":{"type":"Buffer","data":"h8MB52/cvulcjH1uR6GGv1hosmD5ERiSOvtvSoHcIDY="}},"PvNpbn1CwkmhvWAKKqU+HyXrC2QDm3As1Q7utcA7Sss=":{"valueMac":{"type":"Buffer","data":"9Zd45u9ByN/gxZhS/SsPtWkbRxrCZKP25LLV375KHFY="}},"X8dRXxG4K2GhyauuOq3QiVZ44roJ3UMyaDT3YMmSyiE=":{"valueMac":{"type":"Buffer","data":"eEvAhxtltOVInNMpNqTDb3PkS6TuqiEogJpVMPT0TLg="}},"aYywKtwojEgoy08jWgoZy777vT2XqMpPId9jbZIxQtw=":{"valueMac":{"type":"Buffer","data":"A+gXz9cKdb6JO1nrpdkk7FY7eJkta+9TFa6eBPe30bk="}},"eqdnXWtKOLJcI3NvuJOm2I3fI45yPoIGcD65ByFyBzE=":{"valueMac":{"type":"Buffer","data":"ip+QkepnLr7Lbg/alW7WpoLAQdmE6vT7lX/Hkk++BHo="}},"k9m37fzI2XXKCWoXVLCSdf1gpRhWwthAX4vD9TUvsHE=":{"valueMac":{"type":"Buffer","data":"tHo/WoPP23nFmLoEkybr10I13CeWeV/F5lPO75Jbqhg="}}}}