{"version":2,"hash":{"type":"Buffer","data":"1McD/ohb5v2P+v0RAtnu3yWbTieS8tAjoWPloD/zhchhTNDq2qbEBkL3XIoatmr3brE4NWSeiEY7TZGpynbfoK3rAInDgMKhx3O3kERZevdk78mdJ/8P3C7OwF0gpklz1Lav4A0tzTnNHRA+xhibi0xcMUbu6eQCm3cqg35Yf8Y="},"indexValueMap":{"T0csmzxgshnGkbLnqiuOf0pWlVPhxY06IRLAfPiZFjs=":{"valueMac":{"type":"Buffer","data":"C/17HdeYYHG8DRexhPsvtXAoJts3YnTY9pjdwho95LA="}},"4IsdJNP2YyqTw/Reh74URzCvncB/tvHWxwwBohAcR+I=":{"valueMac":{"type":"Buffer","data":"XNS2HiPG0z+Xf0mr5axZSeeX2/2vFewthA91+g7uApk="}},"9VWVnge0fwnTIk46EVdry+jfR9BDH26EbLfTpLWL6no=":{"valueMac":{"type":"Buffer","data":"19l4a5cQZbV3NEeEXE816BxxzWyeiM97YL2oeG7rZIk="}}}}