{"noiseKey":{"private":{"type":"Buffer","data":"oMJP+abDAmi5JZ2+QOHh7qfJf9KFM5T7MYEymYJ8dn0="},"public":{"type":"Buffer","data":"R8TCfzxAsr9cy/kiMFsuyqSmx8pY8ncsX9wqWZkRhBg="}},"pairingEphemeralKeyPair":{"private":{"type":"Buffer","data":"8LzOv/tjkLOZJKVDch3zJexXc0lyvj1A77jk3nQ0Sms="},"public":{"type":"Buffer","data":"ZRxfMvT+X0mFVrGjwJlqZYO3bzuOjsCmLdK9O0CLXUM="}},"signedIdentityKey":{"private":{"type":"Buffer","data":"YLGuHu6zpfHx78aYGv9Pu+DR4TH12NfkNbiHPdHn7mE="},"public":{"type":"Buffer","data":"axPrLqs/Qz/JIB19r+7uQn6mS3potoKgDMtffdcnLAE="}},"signedPreKey":{"keyPair":{"private":{"type":"Buffer","data":"qAXwtKL3sj9Gtltp1HsHyYdhEryL+JlmYRLj0QPPNEw="},"public":{"type":"Buffer","data":"VRMxyEciRSe9IlBqBWfp2ZZA/yA8Tmfqkqxl1FLIhFE="}},"signature":{"type":"Buffer","data":"BlDYXwbzQbaVvHjUDY0n90WZc+VtfmOlc/mSZX6pUsho4qjATsHBTQ6hZey45kBNZXU+IoIGzZmcOlri9/dmAA=="},"keyId":1},"registrationId":93,"advSecretKey":"7uatCbnUnJ4SRVu3E8/YToQj5+5Gj8jerSatmS2Pfyg=","processedHistoryMessages":[{"key":{"remoteJid":"212609236972@s.whatsapp.net","fromMe":true,"id":"D2D360597A14E8A233181C0411B74E00"},"messageTimestamp":1756551426},{"key":{"remoteJid":"212609236972@s.whatsapp.net","fromMe":true,"id":"95394C644A2295EEA98EF7BF98671206"},"messageTimestamp":1756551426},{"key":{"remoteJid":"212609236972@s.whatsapp.net","fromMe":true,"id":"9237CB0AC3612B52D63CC20D6A76C265"},"messageTimestamp":1756551429}],"nextPreKeyId":31,"firstUnuploadedPreKeyId":31,"accountSyncCounter":1,"accountSettings":{"unarchiveChats":false},"registered":false,"account":{"details":"CLeS49gHEPixy8UGGAcgACgA","accountSignatureKey":"9sy6i5H0UfePo3B3nAIp7gpi8YK50bnqMEM1Y6sXYR4=","accountSignature":"YCYcqSsJ2p1XSqYuCpeVgTtVN0HBJgz6PAGx3PMX2g+SZg/LIt77DUtJCzFrNIpuzy+xiZhGBNp91QkR+lk8Dw==","deviceSignature":"fHYi4TGvb5+wSFxssS5nsPQYPh7K569AmyEOb00RP4d8qXzjl2Mhiwu66667XHNn6Bs3RPTM2v2goOnf6zTsBw=="},"me":{"id":"212609236972:8@s.whatsapp.net","lid":"129433520316540:8@lid","name":"."},"signalIdentities":[{"identifier":{"name":"212609236972:8@s.whatsapp.net","deviceId":0},"identifierKey":{"type":"Buffer","data":"BfbMuouR9FH3j6Nwd5wCKe4KYvGCudG56jBDNWOrF2Ee"}}],"platform":"android","routingInfo":{"type":"Buffer","data":"CAUIAg=="},"lastAccountSyncTimestamp":1756551738,"myAppStateKeyId":"AAAAABNL","lastPropHash":"2V77qU"}