{"_sessions":{"BSL9Smw9sf8aTUmsL/3sMjG/GnzfG31Qc6m99OHNXI53":{"registrationId":732180967,"currentRatchet":{"ephemeralKeyPair":{"pubKey":"Beu+igCD9kUHBTboqawEIcbmTJR7Ixky2B4ldK+B4e9i","privKey":"4K7UvW3g8dYdKYgYBO7BKo+RHe/87YcANdyqJmmTiUw="},"lastRemoteEphemeralKey":"BRCx6y/AhsfjblNzYSanza6OacutidnAIEKAnudLQvFo","previousCounter":0,"rootKey":"a/h1kvodY56htbFBLK6OzEliK6pbVGEnTwStXeQKdfE="},"indexInfo":{"baseKey":"BSL9Smw9sf8aTUmsL/3sMjG/GnzfG31Qc6m99OHNXI53","baseKeyType":2,"closed":-1,"used":1756551426399,"created":1756551426399,"remoteIdentityKey":"BfbMuouR9FH3j6Nwd5wCKe4KYvGCudG56jBDNWOrF2Ee"},"_chains":{"BRCx6y/AhsfjblNzYSanza6OacutidnAIEKAnudLQvFo":{"chainKey":{"counter":6,"key":"v0iLhp9oriMkpjdE9jSpnd62nmwhIwdF57IuXHGrQGQ="},"chainType":2,"messageKeys":{}},"Beu+igCD9kUHBTboqawEIcbmTJR7Ixky2B4ldK+B4e9i":{"chainKey":{"counter":-1,"key":"stVYkPv3hvFBcVVTXIfcK2ojxz0WHzyz4iXbvwW+MGA="},"chainType":1,"messageKeys":{}}}}},"version":"v1"}