{"_sessions":{"BUy7ZzpkZjfemyvzp7wOYQBnM33xJpH4b50czYiflNxN":{"registrationId":732180967,"currentRatchet":{"ephemeralKeyPair":{"pubKey":"BTxVv+nk8ZQ6YwBD2JrLXPAxGUu9hnKdzI5dKbDKBq0u","privKey":"4LHH48/EQheUv6BLb7r2vdrw2+2Tkd8LxNGJi+riT0k="},"lastRemoteEphemeralKey":"BT5YE5b8l9y4qFfXJ4RYgP3fstVfy364d4i12rD9J8Vy","previousCounter":0,"rootKey":"eh20ed/IT5hgwlA++tyO8FURX7DCebv9hGWvAFIGoUE="},"indexInfo":{"baseKey":"BUy7ZzpkZjfemyvzp7wOYQBnM33xJpH4b50czYiflNxN","baseKeyType":1,"closed":-1,"used":1756558443546,"created":1756552070254,"remoteIdentityKey":"BfbMuouR9FH3j6Nwd5wCKe4KYvGCudG56jBDNWOrF2Ee"},"_chains":{"BT5YE5b8l9y4qFfXJ4RYgP3fstVfy364d4i12rD9J8Vy":{"chainKey":{"counter":1,"key":"NHWVKOhIXoZyv/8vBrJpcFb03T6qRWp52wZqc/Vcxb0="},"chainType":2,"messageKeys":{}},"BTxVv+nk8ZQ6YwBD2JrLXPAxGUu9hnKdzI5dKbDKBq0u":{"chainKey":{"counter":-1,"key":"K6BhQq3sJXUmv/WFbEiElnsLnrTHvYpQ8BLiJ8bCaqc="},"chainType":1,"messageKeys":{}}}}},"version":"v1"}