{"_sessions":{"Bd+2p4q8RqznUNoJ/+RkOcXn40T/kyx6Easfl4qkgu4H":{"registrationId":59,"currentRatchet":{"ephemeralKeyPair":{"pubKey":"BZkGVpRZH/NA2AuRo8NLG9X8MXOgnvghMMaeYl76MV1p","privKey":"MBeZeep5hlx77p3UxGkn7DDd8oYFl3Io3RzVFw2RV34="},"lastRemoteEphemeralKey":"BcUeVuc5mvQ8umcR3SzVMayPrNxkvCYzqM4GV7EmaSQS","previousCounter":0,"rootKey":"G7tq2H5f7v3jyzFuACuX68hIhY4hSPPHOl9V7lv2Ra8="},"indexInfo":{"baseKey":"Bd+2p4q8RqznUNoJ/+RkOcXn40T/kyx6Easfl4qkgu4H","baseKeyType":1,"closed":-1,"used":1756552070257,"created":1756552070257,"remoteIdentityKey":"BVYqAry3nuvMaPRhQrrEuN/kknbg5dm4P2M37jA8oAMd"},"_chains":{"BZkGVpRZH/NA2AuRo8NLG9X8MXOgnvghMMaeYl76MV1p":{"chainKey":{"counter":0,"key":"h0ptYol2d2JvgBvlUb6ioxP9NphXxiqXgwE8o2Axgog="},"chainType":1,"messageKeys":{}}},"pendingPreKey":{"signedKeyId":1,"baseKey":"Bd+2p4q8RqznUNoJ/+RkOcXn40T/kyx6Easfl4qkgu4H","preKeyId":1}}},"version":"v1"}