{"_sessions":{"BQvokgaHkw1viu8ohJwMKzDrXEeQkyjOd3yVnCdn3I1q":{"registrationId":254,"currentRatchet":{"ephemeralKeyPair":{"pubKey":"BSFLig5EjV940pCnM7s68lf2fJ1eKHicOwvbGRXmpNFO","privKey":"mIGBHSSwb9eJkkSqZiCpVTkYxDa9HpNVx22WHCqtCH8="},"lastRemoteEphemeralKey":"BdHv+QhEaKWE71H1HSzwHubNsDJIlWWL2vZcXswjz2gJ","previousCounter":0,"rootKey":"sHWXE4MifQ2NGXm27xZfq4l89wkg5aOqp0Z3boU5mM4="},"indexInfo":{"baseKey":"BQvokgaHkw1viu8ohJwMKzDrXEeQkyjOd3yVnCdn3I1q","baseKeyType":1,"closed":-1,"used":1756552070255,"created":1756552070255,"remoteIdentityKey":"BbQGTS5Kausk3mD17fqLvyLwiQhPoNl4VyzUWRiy5v5t"},"_chains":{"BSFLig5EjV940pCnM7s68lf2fJ1eKHicOwvbGRXmpNFO":{"chainKey":{"counter":0,"key":"crcNzDxiQxQi5O3jszmSxnpdKU1LJHskCRmdfi2AE0Q="},"chainType":1,"messageKeys":{}}},"pendingPreKey":{"signedKeyId":1,"baseKey":"BQvokgaHkw1viu8ohJwMKzDrXEeQkyjOd3yVnCdn3I1q","preKeyId":27}}},"version":"v1"}