{"_sessions":{"Bb3e0e8zTlLHUJovP6KcbgNrD3hv75+nkTTw/+AHgw4i":{"registrationId":93,"currentRatchet":{"ephemeralKeyPair":{"pubKey":"BX1xvmHlZYiKIVEyE8uAgUwbot04uqUniBfyxEj7Apwr","privKey":"mElp+bSJeW7fi002ovU/iZJGytBzBkMyM9mH8PSaQ28="},"lastRemoteEphemeralKey":"BVUTMchHIkUnvSJQagVn6dmWQP8gPE5n6pKsZdRSyIRR","previousCounter":0,"rootKey":"1Wyz444/6Sqk0SsLCNwZF5+nbSDop7PY6+EJBJlJBtU="},"indexInfo":{"baseKey":"Bb3e0e8zTlLHUJovP6KcbgNrD3hv75+nkTTw/+AHgw4i","baseKeyType":1,"closed":-1,"used":1756552070259,"created":1756552070259,"remoteIdentityKey":"BWsT6y6rP0M/ySAdfa/u7kJ+pkt6aLaCoAzLX33XJywB"},"_chains":{"BX1xvmHlZYiKIVEyE8uAgUwbot04uqUniBfyxEj7Apwr":{"chainKey":{"counter":0,"key":"oHgrirHz3ZxbB+nLIPvt+HeoYQbyMeG4WPue2SQ48w4="},"chainType":1,"messageKeys":{}}},"pendingPreKey":{"signedKeyId":1,"baseKey":"Bb3e0e8zTlLHUJovP6KcbgNrD3hv75+nkTTw/+AHgw4i","preKeyId":2}}},"version":"v1"}