{"_sessions":{"BWeCuCskhkqXdt/h6TrcyyF0nj6JCaru8ualpFOwcCRq":{"registrationId":90,"currentRatchet":{"ephemeralKeyPair":{"pubKey":"BZh1Bzrv1QzO+FwtccNp7oozFpDopoJKnHwpHl2vA91j","privKey":"0Hks67PmTw4s+1NWHHYpUeQ6ozypEs/FUZ63bQSphmo="},"lastRemoteEphemeralKey":"BZ/4Py3w/EWejeX5Tmn1jwtVTdh4uA0B9fszgr2MH+o/","previousCounter":0,"rootKey":"XmQ5THpj7tmulGG3U6z2cbEChhs0I2jEMa3cuLAA1cs="},"indexInfo":{"baseKey":"BWeCuCskhkqXdt/h6TrcyyF0nj6JCaru8ualpFOwcCRq","baseKeyType":1,"closed":-1,"used":1756552070256,"created":1756552070256,"remoteIdentityKey":"BReZXK3J/Nl07a3JFqAryr7njAQ7SvJx+f4RAB2173sm"},"_chains":{"BZh1Bzrv1QzO+FwtccNp7oozFpDopoJKnHwpHl2vA91j":{"chainKey":{"counter":0,"key":"cEpe2Txgp1dM+H24MVV+LGH/SUtcn5/M0Payh2Y1vec="},"chainType":1,"messageKeys":{}}},"pendingPreKey":{"signedKeyId":1,"baseKey":"BWeCuCskhkqXdt/h6TrcyyF0nj6JCaru8ualpFOwcCRq","preKeyId":11}}},"version":"v1"}