{"version":2,"hash":{"type":"Buffer","data":"bunCwNW5RrEw9TDmYK3CuEmHU3NxjZ4RVdgzd0xQiQ3IE35pnl7k6m6nAidwJeCpdpyLQsPMXXPx7Ks8sHHm9IgZb+XHVJEmK8iwNtXKvAUClAtgbF82Mcuq1rfkX7rSn1UhOSjH7QTUu5GpO15fTeUhrvSAU6E6aYYpqqgFwWY="},"indexValueMap":{"GVG2p9PeokdM7EoiyjtWiiUCtNEsk1GMIyuueXl+o7o=":{"valueMac":{"type":"Buffer","data":"1UK4DmUNdk0a+Qg7Qy+832O+V5y8U0AljmLY3ODIuzg="}},"C8eUEaXYdsW0nGgVi8gxecNrFXsdye5oNc29JovWsIE=":{"valueMac":{"type":"Buffer","data":"w7rdIhStipf87PC5HOMSPLDkzPPmvQdx6h0arIDIwmk="}},"QN8tj8O3rx4FtPR+dTs8vFTjrAE1d5SFHrGyyt/YsrY=":{"valueMac":{"type":"Buffer","data":"bx/NZcFBhxSVYBiqi5PEHk9onL2fwDaD0rKntDVv0Nw="}},"jhYlYJFnvI8Pmmii2GPDzhWSB/O6o8jVLIiwgu5oXKo=":{"valueMac":{"type":"Buffer","data":"ENV4VyjmW2qnswLReJWrcgziokiLQIhiCXS9hdHih5A="}},"ZBlir4oGfe560ysWfvv71gqv6f5xFi+sKIG2TssPOgo=":{"valueMac":{"type":"Buffer","data":"lZyO9SMQgHT2jpgyUUn44amb4ymLsTboXSt5bgAmrpw="}},"biPF2FwvlGdmPjZ9JkFSvy67fOxYdc2ewqWZ6tzfxy8=":{"valueMac":{"type":"Buffer","data":"CD3DPkl94O+CQh+TeHQQnLOUfB6i0He0bTJj4pZRBLs="}},"CbgUTw/rgUvx2U3gNORkaMI4arQdkz18OwkMIgGIZMo=":{"valueMac":{"type":"Buffer","data":"ncaLX0XDByiDtAlrnJXLuA4X9rbjrObWnYaxmNsECSo="}},"+g1biRyE0KyR3v0oqPyRuQI/NAQrxoGTsDyFzAs0NcM=":{"valueMac":{"type":"Buffer","data":"yEykf4ekhyGyFhzJLXk+F/kOR0DlQsNzSV2ZkTsixSM="}},"YTBpV+q6zUsaH0VnPc21jmp43Nl+khDlZNgYil+VSEk=":{"valueMac":{"type":"Buffer","data":"rOkuY8wetbHuLJBKKYhbKGWT2L4w1hja6Qpa8ZDIR+A="}},"zjwD5B9VVhTSxGuw8rsB/Zv1nh0M/Ftw4oxdZv3hdTY=":{"valueMac":{"type":"Buffer","data":"pTc8Fck9m4t/coG1Ag4kY3+ybmCxo1gEixdSmWluB/Y="}},"yTY8T3rSSGgz8MjeKQ+9mgHh1DzP97LJrdVVrJCEZCU=":{"valueMac":{"type":"Buffer","data":"P2obE0AS/1bxkO2d2dQ2cWjZuwcG/lHcN6SuY9mlueA="}},"hKbpyYt2zhcC7r96n6YWVKZsImRrecNFKrWAUpX3ax8=":{"valueMac":{"type":"Buffer","data":"qWgzkELVrAcUYPEDZHe/MJv8wsVTiOQnM+o2XRtWw5M="}},"WdtX0pFWtDkfCmOEKZbJR/Mf1ydDBWBVrzu4DtNok4g=":{"valueMac":{"type":"Buffer","data":"H5weCve5Hx1+UGEtf/Qu7XYSck0W6MynuQM+Nk3mpCo="}},"YzfkmOroUpyFOTVFXo6MB7K4qRkbT2hwsbZM3rqdj9c=":{"valueMac":{"type":"Buffer","data":"wMPzCz7eKUdDmtfpuZF+PFmYZvfoeegOkExJo8P554A="}},"hokuPfK3+tsQT1ZS0UdF/p1kxMg27nJwBbYoL/3Xi/c=":{"valueMac":{"type":"Buffer","data":"2cYU4SXAI8Qfn3eIEvwF/+0lYOfIK5ReYXU9lddzUCw="}},"+KuIN729xxSBc9gFtcZyoD/PllmuZ0oC7snDKweQ0PA=":{"valueMac":{"type":"Buffer","data":"2B++GK2/q4oQhaoj6HfWSpx55z5n6WlD3U7sH5T0Ci0="}},"qKpKMXPFguLEvm3AYmjv6YRM6wF84/mcyeRr3A7OQyE=":{"valueMac":{"type":"Buffer","data":"R2s1CjA7ZmW7PrUJPcZDQf/cvQSx5ex02zWUY/OSbgc="}},"W6AUxMiqxV21qM3Q+eT4kBLBSeWcYi7vR3aLcyaTup0=":{"valueMac":{"type":"Buffer","data":"cVe0hWTARyyB+uf5OKqTKrR6D1bR+xiOgkZSd6P5ns0="}}}}