{"noiseKey":{"private":{"type":"Buffer","data":"KBEQ2cqndpRcHMr9FApdtUuYyigMvqL3NKOVjaPzWkQ="},"public":{"type":"Buffer","data":"yRguF6wu8jL19whbiwWxtd47m5c47qNTw8qLA35V9lc="}},"pairingEphemeralKeyPair":{"private":{"type":"Buffer","data":"aNMy5AUhqcjd+ZZVAG6gfyvJ6AGNSFSMSXzD7TgvM3U="},"public":{"type":"Buffer","data":"rK5ZFGrNHCfEurWIHNT9ASYWQ9/nkXvt/uinoKOhHSE="}},"signedIdentityKey":{"private":{"type":"Buffer","data":"MC9GfBKEt47RCqc1qmdEP/dgenneF2PVRhuAAr8XEUA="},"public":{"type":"Buffer","data":"VioCvLee68xo9GFCusS43+SSduDl2bg/YzfuMDygAx0="}},"signedPreKey":{"keyPair":{"private":{"type":"Buffer","data":"yFt/R9T37fr1NHxXEYjQ2pa5Fou18QmJcn8jQgW6J20="},"public":{"type":"Buffer","data":"xR5W5zma9Dy6ZxHdLNUxrI+s3GS8JjOozgZXsSZpJBI="}},"signature":{"type":"Buffer","data":"5pOar5qAwUCqSHP6KtqLaCoWY17RxV5nidDn44j58otHrIGomhjxjIVee08dlWmgajJqWBfqbeMkEw4pMfNnDA=="},"keyId":1},"registrationId":59,"advSecretKey":"qm+gRrZz0KKd/fPd452FdlNWweE5cp4jrnrb1nJN84U=","processedHistoryMessages":[{"key":{"remoteJid":"212609236972@s.whatsapp.net","fromMe":true,"id":"078332774AB852963DB996A7EE739E4C"},"messageTimestamp":1756511773},{"key":{"remoteJid":"212609236972@s.whatsapp.net","fromMe":true,"id":"5A878F3A0EBDE89E7AE77D980DABDC1A"},"messageTimestamp":1756511773}],"nextPreKeyId":31,"firstUnuploadedPreKeyId":31,"accountSyncCounter":1,"accountSettings":{"unarchiveChats":false},"registered":false,"account":{"details":"CLeS49gHEJn8yMUGGAQgACgA","accountSignatureKey":"9sy6i5H0UfePo3B3nAIp7gpi8YK50bnqMEM1Y6sXYR4=","accountSignature":"B2c0AFONH+lm9zZXBUoiV1ISA43JD/fPxcgbqOGlObHPL+9HxK/9e0GOuGKZHPJk5qn4nA3YX5A8+woT63LDAQ==","deviceSignature":"rl3r042a4+GlW/ZTISikC83wwCKreqAxmgxiVVnjNBwJJixJynuuyowBsoB0AboBS8UCsVC78FFVRBI4VIXMDw=="},"me":{"id":"212609236972:5@s.whatsapp.net","lid":"129433520316540:5@lid","name":"."},"signalIdentities":[{"identifier":{"name":"212609236972:5@s.whatsapp.net","deviceId":0},"identifierKey":{"type":"Buffer","data":"BfbMuouR9FH3j6Nwd5wCKe4KYvGCudG56jBDNWOrF2Ee"}}],"platform":"android","routingInfo":{"type":"Buffer","data":"CAUIAg=="},"lastAccountSyncTimestamp":1756511835,"lastPropHash":"2V77qU","myAppStateKeyId":"AAAAABNL"}