{"_sessions":{"BSKpzdVwtjP60NpaaC86jJhJe3ocO0NKtAB4CUX5y71E":{"registrationId":90,"currentRatchet":{"ephemeralKeyPair":{"pubKey":"BTLSxluvrZqrKakifLHu4pD7JxXWpUOqZNipxHxkNqkK","privKey":"uGzKXasLKsKpALEsJ2S00t6jfT1Yage4a5T32OFmuVM="},"lastRemoteEphemeralKey":"BZ/4Py3w/EWejeX5Tmn1jwtVTdh4uA0B9fszgr2MH+o/","previousCounter":0,"rootKey":"nj9k0NQAA8e+b+zqeDr0KBUGwERNpg2AIMsxlDNdZfk="},"indexInfo":{"baseKey":"BSKpzdVwtjP60NpaaC86jJhJe3ocO0NKtAB4CUX5y71E","baseKeyType":1,"closed":-1,"used":1756511773467,"created":1756511773467,"remoteIdentityKey":"BReZXK3J/Nl07a3JFqAryr7njAQ7SvJx+f4RAB2173sm"},"_chains":{"BTLSxluvrZqrKakifLHu4pD7JxXWpUOqZNipxHxkNqkK":{"chainKey":{"counter":0,"key":"Y600Hmy3eWiBgqIbQ/36w2W0sZgotL2nJf7DGG03Njs="},"chainType":1,"messageKeys":{}}},"pendingPreKey":{"signedKeyId":1,"baseKey":"BSKpzdVwtjP60NpaaC86jJhJe3ocO0NKtAB4CUX5y71E","preKeyId":1}}},"version":"v1"}