{"_sessions":{"BbewID0hyG8SLUwDM0ovWVvZ3/6LUvXNmmCdJ+Y0WRYp":{"registrationId":59,"currentRatchet":{"ephemeralKeyPair":{"pubKey":"BYE3YpPq8Qene+xhfJXk8kzqxxrcV0AMjpTrMkubcYlc","privKey":"eN+OC0mqw8xkkuRmjtZMmu+zm8zTYDrne/S1W0AA7ls="},"lastRemoteEphemeralKey":"BcUeVuc5mvQ8umcR3SzVMayPrNxkvCYzqM4GV7EmaSQS","previousCounter":0,"rootKey":"XBGloGLeMvc6bsCmsgwDfjDL1lIQeM63BdDYecF/CB8="},"indexInfo":{"baseKey":"BbewID0hyG8SLUwDM0ovWVvZ3/6LUvXNmmCdJ+Y0WRYp","baseKeyType":1,"closed":-1,"used":1756511773468,"created":1756511773468,"remoteIdentityKey":"BVYqAry3nuvMaPRhQrrEuN/kknbg5dm4P2M37jA8oAMd"},"_chains":{"BYE3YpPq8Qene+xhfJXk8kzqxxrcV0AMjpTrMkubcYlc":{"chainKey":{"counter":0,"key":"wzfDL/CcZf/qN1Oa8DXRdIYGBYvZfgCHv1WvdooaAyI="},"chainType":1,"messageKeys":{}}},"pendingPreKey":{"signedKeyId":1,"baseKey":"BbewID0hyG8SLUwDM0ovWVvZ3/6LUvXNmmCdJ+Y0WRYp","preKeyId":3}}},"version":"v1"}