{"_sessions":{"Bc/Y2YK7XDgUTPVOgX2jKWNvCivYT5NSWjJ1iMQd37UW":{"registrationId":732180967,"currentRatchet":{"ephemeralKeyPair":{"pubKey":"BRJyMd6gdoDEKww3nZW9JAWxd0ezdmM4jpIuofwXeHN8","privKey":"SCMrTissZvkOdh8hw47lpgVVIp90MQ0lxIfKav6Ssl8="},"lastRemoteEphemeralKey":"Bea7SLhmQT44RwH0+wUs7FZPuK+uQzb4bZm9IA8le3k3","previousCounter":0,"rootKey":"oklfzK2o7TXWPOCJBCzNE2oBuUtwwvxoTPJ0ws3zSNs="},"indexInfo":{"baseKey":"Bc/Y2YK7XDgUTPVOgX2jKWNvCivYT5NSWjJ1iMQd37UW","baseKeyType":2,"closed":-1,"used":1756511780132,"created":1756511773447,"remoteIdentityKey":"BfbMuouR9FH3j6Nwd5wCKe4KYvGCudG56jBDNWOrF2Ee"},"_chains":{"BQI+EtjBn7V2fLHFdjyuu8+Ey8A51iKkUfJbfKyqCf8w":{"chainKey":{"counter":5},"chainType":2,"messageKeys":{}},"Bea7SLhmQT44RwH0+wUs7FZPuK+uQzb4bZm9IA8le3k3":{"chainKey":{"counter":0,"key":"nzZr47vRl5IM6yQXASekxUkD8BqreRcs12Rps0332lw="},"chainType":2,"messageKeys":{}},"BRJyMd6gdoDEKww3nZW9JAWxd0ezdmM4jpIuofwXeHN8":{"chainKey":{"counter":-1,"key":"ku2VQhmLrb8ThnqhYfpolZnaNXxFmY9xV+Onl1UYPPM="},"chainType":1,"messageKeys":{}}}}},"version":"v1"}