{"_sessions":{"BRkUBO1ua1Iv4rfWcJo0ShMopM2nHfCTa91eYvnxBdlG":{"registrationId":254,"currentRatchet":{"ephemeralKeyPair":{"pubKey":"Bdc6fGkXiRgMk7NBIruiMkMhr+ZSSMbwDOJdMHeZCwoJ","privKey":"4Ne4kmL1Hev7uA/VSk7iqu+O8K1ulfxfnInd9Rx7FEY="},"lastRemoteEphemeralKey":"BdHv+QhEaKWE71H1HSzwHubNsDJIlWWL2vZcXswjz2gJ","previousCounter":0,"rootKey":"QXet9tnIioR8m6vPvCK7hCRPBF7nV8fqDNS2mxVrYKA="},"indexInfo":{"baseKey":"BRkUBO1ua1Iv4rfWcJo0ShMopM2nHfCTa91eYvnxBdlG","baseKeyType":1,"closed":-1,"used":1756511773466,"created":1756511773466,"remoteIdentityKey":"BbQGTS5Kausk3mD17fqLvyLwiQhPoNl4VyzUWRiy5v5t"},"_chains":{"Bdc6fGkXiRgMk7NBIruiMkMhr+ZSSMbwDOJdMHeZCwoJ":{"chainKey":{"counter":0,"key":"o8uW5frQC9RlTzgBCHiezuuYGf40x6MN+7BQ1A3MkWA="},"chainType":1,"messageKeys":{}}},"pendingPreKey":{"signedKeyId":1,"baseKey":"BRkUBO1ua1Iv4rfWcJo0ShMopM2nHfCTa91eYvnxBdlG","preKeyId":26}}},"version":"v1"}