{"_sessions":{"BfWTE4FCqVeob4mi4qyzX69INs2MNYmJuzyiEDNPKJZT":{"registrationId":732180967,"currentRatchet":{"ephemeralKeyPair":{"pubKey":"BXQ64Lo20cBlNEWNedg4frFsm/anw1sBrIYEe95TWVwo","privKey":"WDw9VofM9qwIC5z3h9A+738up/PTcW4+W1PIFAsNHEM="},"lastRemoteEphemeralKey":"BY94XA5U9SP7Taq/NhYEc5Qe5OZWMr98CDsCu5Zd2h0I","previousCounter":0,"rootKey":"cO0CYc1VWlOQ7bTTI3PiivZkIyP+JWyyOvcoOTN0enM="},"indexInfo":{"baseKey":"BfWTE4FCqVeob4mi4qyzX69INs2MNYmJuzyiEDNPKJZT","baseKeyType":1,"closed":-1,"used":1756511773465,"created":1756511773465,"remoteIdentityKey":"BfbMuouR9FH3j6Nwd5wCKe4KYvGCudG56jBDNWOrF2Ee"},"_chains":{"BXQ64Lo20cBlNEWNedg4frFsm/anw1sBrIYEe95TWVwo":{"chainKey":{"counter":0,"key":"E9hfOghj4aQR7dO5Y14cpFh3thmASTO3qLu324jy/54="},"chainType":1,"messageKeys":{}}},"pendingPreKey":{"signedKeyId":2,"baseKey":"BfWTE4FCqVeob4mi4qyzX69INs2MNYmJuzyiEDNPKJZT","preKeyId":13266295}}},"version":"v1"}